职位,公司名称,薪资,城市,区域,经验要求,学历要求,领域,性质,规模,职位详情页,公司详情页
生产主管,株洲格新电气科技,6-8千,株洲,未知,2年,大专,电子技术/半导体/集成电路,民营,少于50人,https://jobs.51job.com/zhuzhou/152132796.html?s=sou_sou_soulb&t=0_0&req=9a6ffd9350738c45eb983cd541ba99bd,https://jobs.51job.com/all/coAmEFYVQyVmgDYgNiUzM.html
房产经纪人8K-10K/三镇就近分配,武汉鼎升房地产经纪,0.8-1万,武汉,东西湖区,无需经验,大专,房地产,民营,10000人以上,https://jobs.51job.com/wuhan-dxhq/130876835.html?s=sou_sou_soulb&t=0_0&req=9a6ffd9350738c45eb983cd541ba99bd,https://jobs.51job.com/all/coCGtUM1U_BzAObQJgXTs.html
招聘顾问(J13529),美宜佳控股,1.5-2.5万·13薪,东莞,未知,5-7年,本科,批发/零售,民营,1000-5000人,https://jobs.51job.com/dongguan/152323417.html?s=sou_sou_soulb&t=0_0&req=9a6ffd9350738c45eb983cd541ba99bd,https://jobs.51job.com/all/coCW1cOlQ0ADtWMQBmUjQ.html
大客户销售(B端),“前程无忧”51job.com（上海）,6千-1.2万,上海,浦东新区,1年,本科,互联网/电子商务,外资（非欧美）,1000-5000人,https://51rz.51job.com/job.html?jobid=152280109,https://51rz.51job.com/job.html?jobid=71752221&coid=1249
业务助理 （广告AE方向）,上海魔珏文化传播,7千-1万,上海,松江区,2年,大专,广告,民营,150-500人,https://jobs.51job.com/shanghai-sjq/151863408.html?s=sou_sou_soulb&t=0_0&req=9a6ffd9350738c45eb983cd541ba99bd,https://jobs.51job.com/all/coCWlcO149UmpSN1MzBmo.html
外贸业务助理,苏州拓恒建筑科技,5-8千,苏州,吴中区,1年,大专,贸易/进出口,民营,少于50人,https://jobs.51job.com/suzhou-wzq/127280277.html?s=sou_sou_soulb&t=0_0&req=9a6ffd9350738c45eb983cd541ba99bd,https://jobs.51job.com/all/coA2ZdP1U_DjVVMFY0UzU.html
外贸业务经理,上海迅凯新材料科技,1.5-2.5万,上海,闵行区,3-4年,本科,石油/化工/矿产/地质,民营,50-150人,https://jobs.51job.com/shanghai-mhq/152322527.html?s=sou_sou_soulb&t=0_0&req=9a6ffd9350738c45eb983cd541ba99bd,https://jobs.51job.com/all/coAGNXNgRjVGlWN1EwVTg.html
电话客服（双休/近地铁）,迎企来财税咨询（上海）,5.5千-1.1万,上海,嘉定区,1年,,专业服务(咨询、人力资源、财会),民营,少于50人,https://jobs.51job.com/shanghai-jdq/152164969.html?s=sou_sou_soulb&t=0_0&req=9a6ffd9350738c45eb983cd541ba99bd,https://jobs.51job.com/all/coUjMBYFcwAjwBZAFqXTk.html
跨境电商外贸专员,广州市依俐芭莎实业,6.5-8千,广州,番禺区,3-4年,,服装/纺织/皮革,合资,50-150人,https://jobs.51job.com/guangzhou-pyq/152323314.html?s=sou_sou_soulb&t=0_0&req=9a6ffd9350738c45eb983cd541ba99bd,https://jobs.51job.com/all/coA2dUNF81BT4AZwBmXT4.html
OTC销售代表,海南东方药业,3-4.5千,海口,未知,1年,中技/中专,制药/生物工程,民营,50-150人,https://jobs.51job.com/haikou/100954760.html?s=sou_sou_soulb&t=0_0&req=9a6ffd9350738c45eb983cd541ba99bd,https://jobs.51job.com/all/coBWdRPF41VGtVNAZgAmA.html
装配车间普工,宁波安德机械,6-7千,宁波,镇海区,1年,初中及以下,机械/设备/重工,民营,150-500人,https://jobs.51job.com/ningbo-zhq/152322297.html?s=sou_sou_soulb&t=0_0&req=9a6ffd9350738c45eb983cd541ba99bd,https://jobs.51job.com/all/coUjJSMAdkU2UGYgBkBWA.html
培训/咨询客户经理,“前程无忧”51job.com（南京）,15-20万/年,南京,建邺区,2年,本科,互联网/电子商务,外资（欧美）,150-500人,https://51rz.51job.com/job.html?jobid=145076693,http://51rz.51job.com/job.html?jobid=97543335&coid=160646
电子研发工程师,佛山市迪赛纳科技,1-1.5万,佛山,三水区,2年,大专,家具/家电/玩具/礼品,民营,1000-5000人,https://jobs.51job.com/foshan-ssq/151922030.html?s=sou_sou_soulb&t=0_0&req=9a6ffd9350738c45eb983cd541ba99bd,https://jobs.51job.com/all/coUjZSMwVuAz5TNgZlUDE.html
前台文员,南京水滴智能环保装备研究院,5-6千,昆山,未知,无需经验,本科,环保,民营,50-150人,https://jobs.51job.com/kunshan/152323173.html?s=sou_sou_soulb&t=0_0&req=9a6ffd9350738c45eb983cd541ba99bd,https://jobs.51job.com/all/coCWhRM1YxUmpSMVQ2XD4.html
客户代表(黑龙江哈尔滨),深圳好博窗控技术,5-8千,沈阳,浑南区,2年,大专,建筑/建材/工程,民营,1000-5000人,https://jobs.51job.com/shenyang-hnq/152323158.html?s=sou_sou_soulb&t=0_0&req=9a6ffd9350738c45eb983cd541ba99bd,https://jobs.51job.com/all/coVjNdOFU2BDtSMQNoAmM.html
采购专员,广州白云国际机场建设发展,12-15万/年,广州,白云区,2年,大专,建筑/建材/工程,国企,50-150人,https://jobs.51job.com/guangzhou-byq/152323154.html?s=sou_sou_soulb&t=0_0&req=9a6ffd9350738c45eb983cd541ba99bd,https://jobs.51job.com/all/coB2dXMlQxUmUGagBiAWU.html
助理电子工程师,东莞市乐和智能科技,6-8千,东莞,虎门镇,1年,高中,机械/设备/重工,民营,50-150人,https://jobs.51job.com/dongguan-hm/112112216.html?s=sou_sou_soulb&t=0_0&req=9a6ffd9350738c45eb983cd541ba99bd,https://jobs.51job.com/all/coUzZXNl88UmUEZwNgAW0.html
项目设计工程师,上海正帆科技,1-1.5万·15薪,大连,未知,无需经验,大专,电子技术/半导体/集成电路,已上市,1000-5000人,https://jobs.51job.com/dalian/152323063.html?s=sou_sou_soulb&t=0_0&req=9a6ffd9350738c45eb983cd541ba99bd,https://jobs.51job.com/all/coVDRRMVI2DzYFY1Mx.html
销售工程师,上海尼博电子科技,6千-1.2万,成都,郫都区,2年,本科,仪器仪表/工业自动化,民营,50-150人,https://jobs.51job.com/chengdu-pdq/142041325.html?s=sou_sou_soulb&t=0_0&req=9a6ffd9350738c45eb983cd541ba99bd,https://jobs.51job.com/all/coBGVQN1E3Aj9SMFY3UzQ.html
区域大客户代表,江苏永山窍档案管理服务,6千-1.2万,南京,玄武区,1年,大专,外包服务,民营,50-150人,https://jobs.51job.com/nanjing-xwq/151618912.html?s=sou_sou_soulb&t=0_0&req=9a6ffd9350738c45eb983cd541ba99bd,https://jobs.51job.com/all/coBWBdMFIxVW5UMVMwUTE.html
人事行政主管,河淳商贸（上海）,1-1.2万,上海,徐汇区,3-4年,本科,批发/零售,外资（非欧美）,50-150人,https://jobs.51job.com/shanghai-xhq/132029747.html?s=sou_sou_soulb&t=0_0&req=d79f3ca769069105ac5ded98d640fec2,https://jobs.51job.com/all/coAGQGZ1I0DzVRPQJkAGM.html
水电工,上海柏连艾广告,6-8千,上海,松江区,1年,高中,广告,民营,150-500人,https://jobs.51job.com/shanghai-sjq/152330021.html?s=sou_sou_soulb&t=0_0&req=d79f3ca769069105ac5ded98d640fec2,https://jobs.51job.com/all/coVTEAZFY0VGJSNQ1pXTE.html
仓储主管（物流）(J11986),浙江卡游动漫,1-1.5万,金华,未知,5-7年,大专,批发/零售,民营,1000-5000人,https://jobs.51job.com/jinhua/152329975.html?s=sou_sou_soulb&t=0_0&req=d79f3ca769069105ac5ded98d640fec2,https://jobs.51job.com/all/coCWkBY180VG5SM1E1VjU.html
淘宝客服,上海金乾盛五金机电,4.5-7千,上海,黄浦区,1年,,机械/设备/重工,民营,50-150人,https://jobs.51job.com/shanghai-hpq/152329954.html?s=sou_sou_soulb&t=0_0&req=d79f3ca769069105ac5ded98d640fec2,https://jobs.51job.com/all/coBmMBZQJiAzhVNgxuBWk.html
订单评审高级专员--盐城基地,通威集团,1.5-2万·15薪,盐城,未知,5-7年,本科,多元化业务集团公司,民营,10000人以上,https://jobs.51job.com/yancheng/152329946.html?s=sou_sou_soulb&t=0_0&req=d79f3ca769069105ac5ded98d640fec2,https://jobs.51job.com/all/coAWVUN1QyAz5RMFcz.html
专职司机,深圳市高科新产业控股,4.5-6千,深圳,光明区,5-7年,中技/中专,物业管理/商业中心,民营,少于50人,https://jobs.51job.com/shenzhen-gmq/132018801.html?s=sou_sou_soulb&t=0_0&req=d79f3ca769069105ac5ded98d640fec2,https://jobs.51job.com/all/coUjBRPAJlATsBY1M4Bmo.html
氩弧焊工,安徽龙泽实业,8千-1.2万,安庆,未知,3-4年,初中及以下,原材料和加工,民营,50-150人,https://jobs.51job.com/anqing/152329892.html?s=sou_sou_soulb&t=0_0&req=d79f3ca769069105ac5ded98d640fec2,https://jobs.51job.com/all/coVjZXNQVuAjUFaVMzBmM.html
出纳兼收银,仪征景达实业投资,4-4.5千,扬州,仪征市,2年,大专,房地产,民营,少于50人,https://jobs.51job.com/yangzhou-yzs/152329861.html?s=sou_sou_soulb&t=0_0&req=d79f3ca769069105ac5ded98d640fec2,https://jobs.51job.com/all/coCWpdPAVgAzxVMlAzAW0.html
清真民族 拉面师傅 回民师傅,湖南邵阳新又好餐饮,7-8千,长沙,开福区,无需经验,,餐饮业,民营,500-1000人,https://jobs.51job.com/changsha-kfq/152329323.html?s=sou_sou_soulb&t=0_0&req=d79f3ca769069105ac5ded98d640fec2,https://jobs.51job.com/all/coAmxTNQBgVGNWMw1vB2E.html
户用光伏扶商工程师,上海能辉科技,8千-1.4万,长沙,天心区,3-4年,大专,新能源,已上市,150-500人,https://jobs.51job.com/changsha-txq/152242732.html?s=sou_sou_soulb&t=0_0&req=d79f3ca769069105ac5ded98d640fec2,https://jobs.51job.com/all/coAGRWMVA6ATsAYFA6AmQ.html
自动化销售  五险一金 双休,沈阳鑫瑞博达科技,6-8千,沈阳,未知,2年,大专,仪器仪表/工业自动化,民营,少于50人,https://jobs.51job.com/shenyang/127517793.html?s=sou_sou_soulb&t=0_0&req=d79f3ca769069105ac5ded98d640fec2,https://jobs.51job.com/all/coCWxVMVIyBT0FZA1sAGM.html
仓库管理员,巨力精密设备制造（东莞）,5.5-6.5千,东莞,长安镇,1年,中技/中专,机械/设备/重工,外资（非欧美）,150-500人,https://jobs.51job.com/dongguan-caz/151127890.html?s=sou_sou_soulb&t=0_0&req=d79f3ca769069105ac5ded98d640fec2,https://jobs.51job.com/all/coAmZWMFM0DjcPbwNhB2A.html
销售（建筑咨询）,上海荣天商务咨询,10-20万/年,上海,黄浦区,1年,大专,专业服务(咨询、人力资源、财会),民营,50-150人,https://jobs.51job.com/shanghai-hpq/152033463.html?s=sou_sou_soulb&t=0_0&req=d79f3ca769069105ac5ded98d640fec2,https://jobs.51job.com/all/coBmUGZwNiADwDYwJmUDw.html
BD经理,上海领康时代生物技术,1.5-3万·13薪,上海,奉贤区,3-4年,本科,制药/生物工程,民营,50-150人,https://jobs.51job.com/shanghai-fxq/146385480.html?s=sou_sou_soulb&t=0_0&req=d79f3ca769069105ac5ded98d640fec2,https://jobs.51job.com/all/coBWVQPF84UmsPbQJnVTQ.html
网管,珉钧集装箱服务（上海）,8千-1万·13薪,上海,浦东新区,1年,大专,交通/运输/物流,外资（非欧美）,150-500人,https://jobs.51job.com/shanghai-pdxq/149571162.html?s=sou_sou_soulb&t=0_0&req=d79f3ca769069105ac5ded98d640fec2,https://jobs.51job.com/all/coBmJRNAJpDzcCY1E1AmQ.html
销售助理/销售跟单/客服专员/英文客服,上海法司特汽车租赁,7千-1万·13薪,上海,静安区,2年,大专,交通/运输/物流,民营,150-500人,https://jobs.51job.com/shanghai-jaq/148865621.html?s=sou_sou_soulb&t=0_0&req=d79f3ca769069105ac5ded98d640fec2,https://jobs.51job.com/all/coAGQBZ148DjEBZFcxXTg.html
高级绩效经理,苏州晟域汽车零部件,1-1.5万,常熟,未知,5-7年,本科,汽车零配件,民营,,https://jobs.51job.com/changshu/152328101.html?s=sou_sou_soulb&t=0_0&req=d79f3ca769069105ac5ded98d640fec2,https://jobs.51job.com/all/coCWhXOl44UWxRNVc3B2M.html
行政专员（工作地点在丽水）,杭州中欣晶圆半导体,6-8千·14薪,丽水,未知,无需经验,本科,电子技术/半导体/集成电路,合资,1000-5000人,https://jobs.51job.com/lishui/135661465.html?s=sou_sou_soulb&t=0_0&req=d79f3ca769069105ac5ded98d640fec2,https://jobs.51job.com/all/coVjRUN1Q2Bj5RMAVhUz4.html
销售内勤,四川金来缘科技,4.5-8千,成都,金牛区,1年,高中,原材料和加工,民营,少于50人,https://jobs.51job.com/chengdu-jnq/152193987.html?s=sou_sou_soulb&t=0_0&req=d79f3ca769069105ac5ded98d640fec2,https://jobs.51job.com/all/coBmcCZV84DjIPYwBrB2Y.html
销售助理/客服专员,正和源检测技术（上海）,6-8千·13薪,上海,嘉定区,1年,本科,检测，认证,民营,50-150人,https://jobs.51job.com/shanghai-jdq/152329694.html?s=sou_sou_soulb&t=0_0&req=d79f3ca769069105ac5ded98d640fec2,https://jobs.51job.com/all/coB2ZVN1E3VGsHZA1vBWc.html
品管部经理,上海邦成生物工程,1-1.5万,上海,金山区,3-4年,大专,农/林/牧/渔,民营,150-500人,https://jobs.51job.com/shanghai-jsq/135712541.html?s=sou_sou_soulb&t=0_0&req=e90d431a51c448babe23464ec243c55f,https://jobs.51job.com/all/coUTZdOlIzDjgEaQRuVzc.html
金融同业融资经理,皖江金融租赁,1.5-3万,合肥,滨湖新区,3-4年,本科,金融/投资/证券,国企,150-500人,https://jobs.51job.com/hefei-bhxq/152100124.html?s=sou_sou_soulb&t=0_0&req=e90d431a51c448babe23464ec243c55f,https://jobs.51job.com/all/coCW1dMFcxU2hUM1A3Am8.html
暖通助理工程师,合肥晶澳太阳能科技,7千-1万,合肥,高新区,2年,大专,新能源,已上市,1000-5000人,https://jobs.51job.com/hefei-gxq/145597572.html?s=sou_sou_soulb&t=0_0&req=e90d431a51c448babe23464ec243c55f,https://jobs.51job.com/all/coB2QCYV44UmgCb1MzBms.html
琼海—旺江山市场驱动经理,上海旺旺食品集团,6-8千,琼海,未知,5-7年,高中,快速消费品(食品、饮料、化妆品),外资（非欧美）,10000人以上,https://jobs.51job.com/qionghai/152339826.html?s=sou_sou_soulb&t=0_0&req=e90d431a51c448babe23464ec243c55f,https://jobs.51job.com/all/coCW5dOwdlUmUGYANk.html
学校企业银行招保安,武汉市天盾保安服务,3.5-6千,武汉,江岸区,1年,初中及以下,物业管理/商业中心,民营,,https://jobs.51job.com/wuhan-jaq/152339796.html?s=sou_sou_soulb&t=0_0&req=e90d431a51c448babe23464ec243c55f,https://jobs.51job.com/all/coBGVTM1c1DzYPaQZtUDU.html
General Manager总经理,协力管理咨询（深圳）有限公司上海,2-3.5万·13薪,临沂,沂南县,10年以上,本科,专业服务(咨询、人力资源、财会),外资（非欧美）,150-500人,https://jobs.51job.com/linyi-ynx/149897744.html?s=sou_sou_soulb&t=0_0&req=e90d431a51c448babe23464ec243c55f,https://jobs.51job.com/all/coCW5dO1IzAztUM1QyVzY.html
项目实施工程师,深圳市国信合成科技,6千-1.2万,上海,徐汇区,2年,大专,计算机软件,民营,150-500人,https://jobs.51job.com/shanghai-xhq/95548519.html?s=sou_sou_soulb&t=0_0&req=e90d431a51c448babe23464ec243c55f,https://jobs.51job.com/all/coBGYCYVM0ATYFaVM0BWY.html
服装导购,广州润微科技,4-8千,深圳,宝安区,无需经验,,互联网/电子商务,民营,150-500人,https://jobs.51job.com/shenzhen-baq/152339742.html?s=sou_sou_soulb&t=0_0&req=e90d431a51c448babe23464ec243c55f,https://jobs.51job.com/all/coAG5UMQJgBjFRNgdsBWc.html
综合岗,中国民生银行股份有限公司信用卡中心,6-8万/年,大连,中山区,无需经验,本科,银行,民营,1000-5000人,https://jobs.51job.com/dalian-zsq/137139919.html?s=sou_sou_soulb&t=0_0&req=e90d431a51c448babe23464ec243c55f,https://jobs.51job.com/all/coUzcHZgJhBD5VOFA6XDw.html
DQE工程师,浙江摩根集团,1.2-1.5万,宁波,镇海区,2年,大专,通信/电信/网络设备,民营,1000-5000人,https://jobs.51job.com/ningbo-zhq/152339672.html?s=sou_sou_soulb&t=0_0&req=e90d431a51c448babe23464ec243c55f,https://jobs.51job.com/all/coAmFWMVQxVW8ObgVmVTI.html
新媒体运营专员（公装工程类）,四川佰弘建筑装饰工程,6-8千·13薪,成都,武侯区,1年,大专,建筑/建材/工程,民营,50-150人,https://jobs.51job.com/chengdu-whq/152339658.html?s=sou_sou_soulb&t=0_0&req=e90d431a51c448babe23464ec243c55f,https://jobs.51job.com/all/coBWQHZ1M3VWJRPQNiVzE.html
工业领域销售工程师,百邦国际贸易（上海）,1-1.3万·13薪,上海,未知,3-4年,大专,贸易/进出口,外资（非欧美）,50-150人,https://jobs.51job.com/shanghai/150526969.html?s=sou_sou_soulb&t=0_0&req=e90d431a51c448babe23464ec243c55f,https://jobs.51job.com/all/coBmNTNFM2Um0Dbg1oVjQ.html
外贸销售,宁波欧乐照明科技,10-20万/年,宁波,海曙区,2年,中技/中专,贸易/进出口,民营,50-150人,https://jobs.51job.com/ningbo-hsq/139804891.html?s=sou_sou_soulb&t=0_0&req=e90d431a51c448babe23464ec243c55f,https://jobs.51job.com/all/coVDFdPFcxBz4DZQBjXTo.html
厨师岗,中免集团三亚市内免税店,4-7千,三亚,未知,3-4年,,批发/零售,国企,,https://jobs.51job.com/sanya/152339549.html?s=sou_sou_soulb&t=0_0&req=e90d431a51c448babe23464ec243c55f,https://jobs.51job.com/all/coBWRdMVEyVGJTPlA6BWk.html
新媒体运营专员（公装工程类）,四川佰弘建筑装饰工程,6-8千·13薪,成都,武侯区,1年,大专,建筑/建材/工程,民营,50-150人,https://jobs.51job.com/chengdu-whq/152339660.html?s=sou_sou_soulb&t=0_0&req=e90d431a51c448babe23464ec243c55f,https://jobs.51job.com/all/coBWQHZ1M3VWJRPQNiVzE.html
机械工艺助理工程师,惠州市金山电子,6.5-8千·13薪,惠州,惠城区,1年,本科,电子技术/半导体/集成电路,合资,1000-5000人,https://jobs.51job.com/huizhou-hcq/152339538.html?s=sou_sou_soulb&t=0_0&req=e90d431a51c448babe23464ec243c55f,https://jobs.51job.com/all/coUjZTMQBkAToBYVYyB2c.html
PS设计师助理（可应届）,长沙运灵科技,4-5千·13薪,长沙,芙蓉区,无需经验,中技/中专,互联网/电子商务,民营,少于50人,https://jobs.51job.com/changsha-frq/152113560.html?s=sou_sou_soulb&t=0_0&req=e90d431a51c448babe23464ec243c55f,https://jobs.51job.com/all/coUT9VMwRvBD8AZwVkUTE.html
物业客服管家,保利物业服务股份有限公司常州,4-5千·13薪,常州,钟楼区,1年,中技/中专,物业管理/商业中心,国企,1000-5000人,https://jobs.51job.com/changzhou-zlq/150579192.html?s=sou_sou_soulb&t=0_0&req=e90d431a51c448babe23464ec243c55f,https://jobs.51job.com/all/coVDVSMFQzAjUHZFEyUzY.html
成本主办会计,三安光电,8千-1万·13薪,芜湖,未知,5-7年,大专,电子技术/半导体/集成电路,已上市,10000人以上,https://jobs.51job.com/wuhu/152339475.html?s=sou_sou_soulb&t=0_0&req=e90d431a51c448babe23464ec243c55f,https://jobs.51job.com/all/coVjUAYlIzVG0PagNnVTU.html
外贸单证（五险一金+双休+补贴）,宁波子沐国际贸易,5-7千·13薪,宁波,高新区,2年,大专,贸易/进出口,民营,50-150人,https://jobs.51job.com/ningbo-gx/152339461.html?s=sou_sou_soulb&t=0_0&req=e90d431a51c448babe23464ec243c55f,https://jobs.51job.com/all/coUzFSNVYxDzAOalE6VDg.html
续保专员,武汉鹏龙华通汽车贸易,6千-1.2万,武汉,洪山区,无需经验,中技/中专,汽车,国企,10000人以上,https://jobs.51job.com/wuhan-hsq/137043230.html?s=sou_sou_soulb&t=0_0&req=7ec45d04981edae2388ab496816c7ce4,https://jobs.51job.com/all/coVjNUN1AxUWxVNwNjVTI.html
自动化工程师,云舟生物科技（广州）,1.2-1.8万·13薪,广州,黄埔区,3-4年,本科,制药/生物工程,外资（欧美）,500-1000人,https://jobs.51job.com/guangzhou-hpq/148620400.html?s=sou_sou_soulb&t=0_0&req=7ec45d04981edae2388ab496816c7ce4,https://jobs.51job.com/all/coUTJSNgdjADpSM1YzVTU.html
硬件工程师,广州汇信特通信技术,20-30万/年,武汉,东湖新技术产业开发区,3-4年,本科,通信/电信/网络设备,民营,50-150人,https://jobs.51job.com/wuhan-dhxjs/147342659.html?s=sou_sou_soulb&t=0_0&req=7ec45d04981edae2388ab496816c7ce4,https://jobs.51job.com/all/coAGQHYVY2DzMPbwBrAmE.html
行政文员,广东三雄光电实业,4-4.5千,肇庆,四会市,2年,高中,电子技术/半导体/集成电路,民营,500-1000人,https://jobs.51job.com/zhaoqing-shs/152330840.html?s=sou_sou_soulb&t=0_0&req=7ec45d04981edae2388ab496816c7ce4,https://jobs.51job.com/all/coVjQGagdnDzYFaVYzUDQ.html
高级嵌入式Linux开发工程师,上海良信电器,1.8-3.5万,上海,浦东新区,5-7年,本科,电气/电力/水利,已上市,1000-5000人,https://jobs.51job.com/shanghai-pdxq/150729298.html?s=sou_sou_soulb&t=0_0&req=7ec45d04981edae2388ab496816c7ce4,https://jobs.51job.com/all/coBGNSN1c2BDgEaVc8VDY.html
大客户经理,上海索辰信息科技,3-5万,上海,未知,5-7年,本科,计算机软件,已上市,150-500人,https://jobs.51job.com/shanghai/152330799.html?s=sou_sou_soulb&t=0_0&req=7ec45d04981edae2388ab496816c7ce4,https://jobs.51job.com/all/coCG0Ha145VGwCZVA7VjY.html
网管软件开发,广州汇信特通信技术,20-30万/年,武汉,东湖新技术产业开发区,3-4年,本科,通信/电信/网络设备,民营,50-150人,https://jobs.51job.com/wuhan-dhxjs/147340501.html?s=sou_sou_soulb&t=0_0&req=7ec45d04981edae2388ab496816c7ce4,https://jobs.51job.com/all/coAGQHYVY2DzMPbwBrAmE.html
人事经理,成都润航电子科技,6千-1万·13薪,成都,青羊区,2年,大专,贸易/进出口,民营,少于50人,https://jobs.51job.com/chengdu-qyq/152330647.html?s=sou_sou_soulb&t=0_0&req=7ec45d04981edae2388ab496816c7ce4,https://jobs.51job.com/all/coUzNdMVMyVGkObVA3VTU.html
新媒体文案编辑/策划,深圳市易普婴幼儿用品,8千-1.2万·13薪,深圳,宝安区,2年,本科,批发/零售,民营,50-150人,https://jobs.51job.com/shenzhen-baq/152330777.html?s=sou_sou_soulb&t=0_0&req=7ec45d04981edae2388ab496816c7ce4,https://jobs.51job.com/all/coVTBWNwJhBD4FZ1E3VDU.html
质量经理,百事食品（中国）,2.5-3.5万,佛山,未知,10年以上,本科,快速消费品(食品、饮料、化妆品),外资（欧美）,500-1000人,http://pepsico.51job.com/details.html?jobid=152330710,http://pepsico.51job.com/
固件工程师,广州汇信特通信技术,20-30万/年,武汉,东湖新技术产业开发区,3-4年,本科,通信/电信/网络设备,民营,50-150人,https://jobs.51job.com/wuhan-dhxjs/147340102.html?s=sou_sou_soulb&t=0_0&req=7ec45d04981edae2388ab496816c7ce4,https://jobs.51job.com/all/coAGQHYVY2DzMPbwBrAmE.html
硬件工程师,深圳市迈卓电子,1.8-2万·13薪,深圳,宝安区,2年,大专,贸易/进出口,民营,少于50人,https://jobs.51job.com/shenzhen-baq/152330550.html?s=sou_sou_soulb&t=0_0&req=7ec45d04981edae2388ab496816c7ce4,https://jobs.51job.com/all/coBmRRNARjVmpSMVAzVzY.html
物业管家主管（园区）,融创物业服务集团有限公司上海,8千-1万·13薪,苏州,苏州工业园区,3-4年,大专,物业管理/商业中心,民营,1000-5000人,https://jobs.51job.com/suzhou-gyyq/152330546.html?s=sou_sou_soulb&t=0_0&req=7ec45d04981edae2388ab496816c7ce4,https://jobs.51job.com/all/coUTNSNFU-BzxVM1Y3VjA.html
研发总监,深圳市京泰防护科技,1.5-3万,深圳,龙华区,5-7年,本科,批发/零售,民营,150-500人,https://jobs.51job.com/shenzhen-lhq/152330194.html?s=sou_sou_soulb&t=0_0&req=7ec45d04981edae2388ab496816c7ce4,https://jobs.51job.com/all/coVDAHawVgBz9WNwBrXTo.html
业务跟单,安平县华康医疗用品厂,4-8千,石家庄,桥西区,3-4年,大专,医疗设备/器械,民营,50-150人,https://jobs.51job.com/shijiazhuang-qxq/152330501.html?s=sou_sou_soulb&t=0_0&req=7ec45d04981edae2388ab496816c7ce4,https://jobs.51job.com/all/coA2BRMl45DjkDbgZgXTs.html
过程工程师,长春盖尔瑞孚艾斯曼汽车零部件,6千-1万,长春,未知,3-4年,本科,汽车,合资,150-500人,https://jobs.51job.com/changchun/74101128.html?s=sou_sou_soulb&t=0_0&req=7ec45d04981edae2388ab496816c7ce4,https://jobs.51job.com/all/coAWUGZl8-BT5VMAJnAGY.html
原料部产品经理（彩妆方向）,上海淼森生物科技,9千-1.5万,上海,徐汇区,3-4年,本科,快速消费品(食品、饮料、化妆品),民营,少于50人,https://jobs.51job.com/shanghai-xhq/144678211.html?s=sou_sou_soulb&t=0_0&req=7ec45d04981edae2388ab496816c7ce4,https://jobs.51job.com/all/coUTRXOwRuBT4EZQFhVzI.html
聚氨酯研发,深圳市宏进科技,2-4万,深圳,龙岗区,5-7年,本科,石油/化工/矿产/地质,民营,50-150人,https://jobs.51job.com/shenzhen-lgq/140692829.html?s=sou_sou_soulb&t=0_0&req=7ec45d04981edae2388ab496816c7ce4,https://jobs.51job.com/all/coVDRUOF84BDoEaQVvAmY.html
运动规划 自主导航 控制算法专家,深圳市华赛睿飞智能科技,3.5-7万·14薪,深圳,南山区,无需经验,硕士,电子技术/半导体/集成电路,外资（非欧美）,50-150人,https://jobs.51job.com/shenzhen-nsq/152275089.html?s=sou_sou_soulb&t=0_0&req=7ec45d04981edae2388ab496816c7ce4,https://jobs.51job.com/all/coAGBTMFExADxVOAJnVjs.html
采购工程师,长春盖尔瑞孚艾斯曼汽车零部件,5-7千,长春,未知,3-4年,本科,汽车,合资,150-500人,https://jobs.51job.com/changchun/98805945.html?s=sou_sou_soulb&t=0_0&req=7ec45d04981edae2388ab496816c7ce4,https://jobs.51job.com/all/coAWUGZl8-BT5VMAJnAGY.html
仓库管理员,巨力精密设备制造（东莞）,5.5-6.5千,东莞,长安镇,1年,中技/中专,机械/设备/重工,外资（非欧美）,150-500人,https://jobs.51job.com/dongguan-caz/151127890.html?s=sou_sou_soulb&t=0_0&req=537d27fc1f5d243396c9b76be2ea46f5,https://jobs.51job.com/all/coAmZWMFM0DjcPbwNhB2A.html
销售（建筑咨询）,上海荣天商务咨询,10-20万/年,上海,黄浦区,1年,大专,专业服务(咨询、人力资源、财会),民营,50-150人,https://jobs.51job.com/shanghai-hpq/152033463.html?s=sou_sou_soulb&t=0_0&req=537d27fc1f5d243396c9b76be2ea46f5,https://jobs.51job.com/all/coBmUGZwNiADwDYwJmUDw.html
BD经理,上海领康时代生物技术,1.5-3万·13薪,上海,奉贤区,3-4年,本科,制药/生物工程,民营,50-150人,https://jobs.51job.com/shanghai-fxq/146385480.html?s=sou_sou_soulb&t=0_0&req=537d27fc1f5d243396c9b76be2ea46f5,https://jobs.51job.com/all/coBWVQPF84UmsPbQJnVTQ.html
网管,珉钧集装箱服务（上海）,8千-1万·13薪,上海,浦东新区,1年,大专,交通/运输/物流,外资（非欧美）,150-500人,https://jobs.51job.com/shanghai-pdxq/149571162.html?s=sou_sou_soulb&t=0_0&req=537d27fc1f5d243396c9b76be2ea46f5,https://jobs.51job.com/all/coBmJRNAJpDzcCY1E1AmQ.html
销售助理/销售跟单/客服专员/英文客服,上海法司特汽车租赁,7千-1万·13薪,上海,静安区,2年,大专,交通/运输/物流,民营,150-500人,https://jobs.51job.com/shanghai-jaq/148865621.html?s=sou_sou_soulb&t=0_0&req=537d27fc1f5d243396c9b76be2ea46f5,https://jobs.51job.com/all/coAGQBZ148DjEBZFcxXTg.html
高级绩效经理,苏州晟域汽车零部件,1-1.5万,常熟,未知,5-7年,本科,汽车零配件,民营,,https://jobs.51job.com/changshu/152328101.html?s=sou_sou_soulb&t=0_0&req=537d27fc1f5d243396c9b76be2ea46f5,https://jobs.51job.com/all/coCWhXOl44UWxRNVc3B2M.html
区域销售经理,云南大腾生物科技,20-40万/年,昆明,五华区,2年,本科,制药/生物工程,民营,50-150人,https://jobs.51job.com/kunming-whq/111675316.html?s=sou_sou_soulb&t=0_0&req=537d27fc1f5d243396c9b76be2ea46f5,https://jobs.51job.com/all/coB2IHYVExAT1UMFYxVzU.html
行政专员（工作地点在丽水）,杭州中欣晶圆半导体,6-8千·14薪,丽水,未知,无需经验,本科,电子技术/半导体/集成电路,合资,1000-5000人,https://jobs.51job.com/lishui/135661465.html?s=sou_sou_soulb&t=0_0&req=537d27fc1f5d243396c9b76be2ea46f5,https://jobs.51job.com/all/coVjRUN1Q2Bj5RMAVhUz4.html
"Client Solutions Officer, ATM support",渣打环球商业服务（广州）,6-8千,广州,未知,1年,本科,金融/投资/证券,外资（欧美）,10000人以上,https://jobs.51job.com/guangzhou/152328527.html?s=sou_sou_soulb&t=0_0&req=537d27fc1f5d243396c9b76be2ea46f5,https://jobs.51job.com/all/coBWVUMlI4VmxRM1AwXD0.html
仓库管理员,武汉大和医药,3-4.5千,武汉,未知,1年,中技/中专,批发/零售,民营,150-500人,https://jobs.51job.com/wuhan/145659064.html?s=sou_sou_soulb&t=0_0&req=537d27fc1f5d243396c9b76be2ea46f5,https://jobs.51job.com/all/coUTVWN186DzEBYwFhAGQ.html
事务文员,东海橡塑（嘉兴）,4-5千·14薪,嘉兴,未知,1年,本科,汽车,外资（非欧美）,1000-5000人,https://jobs.51job.com/jiaxing/152303876.html?s=sou_sou_soulb&t=0_0&req=537d27fc1f5d243396c9b76be2ea46f5,https://jobs.51job.com/all/coUjZcPF89AzpVMFMwUzM.html
销售内勤,四川金来缘科技,4.5-8千,成都,金牛区,1年,高中,原材料和加工,民营,少于50人,https://jobs.51job.com/chengdu-jnq/152193987.html?s=sou_sou_soulb&t=0_0&req=537d27fc1f5d243396c9b76be2ea46f5,https://jobs.51job.com/all/coBmcCZV84DjIPYwBrB2Y.html
OA实施顾问,无锡思领软件,5-8千,无锡,新吴区,1年,大专,计算机软件,民营,少于50人,https://jobs.51job.com/wuxi-xwq/152120726.html?s=sou_sou_soulb&t=0_0&req=537d27fc1f5d243396c9b76be2ea46f5,https://jobs.51job.com/all/coBWBXO1AxVG9WNFc3BmE.html
阿里巴巴国际站运营,义乌市聚凯企业管理合伙企业（有限合伙）,8千-1.2万,义乌,未知,2年,大专,服装/纺织/皮革,民营,50-150人,https://jobs.51job.com/yiwu/150625610.html?s=sou_sou_soulb&t=0_0&req=537d27fc1f5d243396c9b76be2ea46f5,https://jobs.51job.com/all/coAWAFZQJgDzYBYwxvBWc.html
销售助理/客服专员,正和源检测技术（上海）,6-8千·13薪,上海,嘉定区,1年,本科,检测，认证,民营,50-150人,https://jobs.51job.com/shanghai-jdq/152329694.html?s=sou_sou_soulb&t=0_0&req=537d27fc1f5d243396c9b76be2ea46f5,https://jobs.51job.com/all/coB2ZVN1E3VGsHZA1vBWc.html
精切操作工,慈溪市宜美佳铝业,6-9千,宁波,慈溪市,无需经验,,汽车零配件,民营,500-1000人,https://jobs.51job.com/ningbo-cxs/149980181.html?s=sou_sou_soulb&t=0_0&req=537d27fc1f5d243396c9b76be2ea46f5,https://jobs.51job.com/all/coA2IAZwRiUW5WMFQ3UDA.html
环保工程师,南京惠恩环保科技,8千-1.5万,苏州,吴中区,3-4年,本科,环保,民营,少于50人,https://jobs.51job.com/suzhou-wzq/137988801.html?s=sou_sou_soulb&t=0_0&req=537d27fc1f5d243396c9b76be2ea46f5,https://jobs.51job.com/all/coA2NTPlU1DjNTMgdtUT0.html
销售内勤,浙江珍琦护理用品,6-7千,杭州,富阳区,3-4年,大专,快速消费品(食品、饮料、化妆品),合资,150-500人,https://jobs.51job.com/hangzhou-fyq/152329604.html?s=sou_sou_soulb&t=0_0&req=537d27fc1f5d243396c9b76be2ea46f5,https://jobs.51job.com/all/coB2NdMVAwVG8AZQxvBmY.html
质量工程师,武汉莱恩士科技,6.5千-1.3万·13薪,武汉,江夏区,3-4年,本科,电子技术/半导体/集成电路,民营,少于50人,https://jobs.51job.com/wuhan-jxq/152329591.html?s=sou_sou_soulb&t=0_0&req=537d27fc1f5d243396c9b76be2ea46f5,https://jobs.51job.com/all/coAWEBbVA1UW1WMgFrVjE.html
财务主办会计,上海铮峰实业,0.8-1万,上海,静安区,3-4年,本科,批发/零售,民营,50-150人,https://jobs.51job.com/shanghai-jaq/133468516.html?s=sou_sou_soulb&t=0_0&req=537d27fc1f5d243396c9b76be2ea46f5,https://jobs.51job.com/all/coB2JXOgJkDzEDbgJgB2M.html
市场部代理,青岛钟根堂健康有限公司上海长宁区,1.5-2万,上海,长宁区,3-4年,本科,批发/零售,外资（非欧美）,50-150人,https://jobs.51job.com/shanghai-cnq/152322720.html?s=sou_sou_soulb&t=0_0&req=c50f68358f2c836080d124362492bd81,https://jobs.51job.com/all/coCGhdPAJgAjoDY1Y2AmM.html
财务主管,深圳市东莱尔智能科技,1-2万,深圳,光明区,3-4年,大专,新能源,民营,50-150人,https://jobs.51job.com/shenzhen-gmq/139496537.html?s=sou_sou_soulb&t=0_0&req=c50f68358f2c836080d124362492bd81,https://jobs.51job.com/all/coB2dWNwNlAD9VOQZtB2Y.html
业务代表,广州群翌能源,1.5-2万,广州,黄埔区,无需经验,本科,新能源,外资（非欧美）,少于50人,https://jobs.51job.com/guangzhou-hpq/121152170.html?s=sou_sou_soulb&t=0_0&req=c50f68358f2c836080d124362492bd81,https://jobs.51job.com/all/coAmEBbQNhADdUM1Y2UzA.html
生物质气化炉销售,东莞东燃热能科技,20-40万/年,东莞,望牛墩镇,1年,高中,环保,民营,50-150人,https://jobs.51job.com/dongguan-wndz/151855280.html?s=sou_sou_soulb&t=0_0&req=c50f68358f2c836080d124362492bd81,https://jobs.51job.com/all/coUTJcPlcxU2RWOwRlVTc.html
机械设计工程师（非标自动化）,南京大齐自动化,1-1.5万,南京,江宁区,2年,大专,仪器仪表/工业自动化,民营,少于50人,https://jobs.51job.com/nanjing-jnq/148461827.html?s=sou_sou_soulb&t=0_0&req=c50f68358f2c836080d124362492bd81,https://jobs.51job.com/all/coVTYCZVAzVGMHZAFiUDI.html
雷达销售经理,巍泰技术（武汉）,8千-1万,武汉,江夏区,1年,本科,电子技术/半导体/集成电路,民营,少于50人,https://jobs.51job.com/wuhan-jxq/145131438.html?s=sou_sou_soulb&t=0_0&req=c50f68358f2c836080d124362492bd81,https://jobs.51job.com/all/coUjMHZlMyVGIDbwNiXTo.html
銷售工程師,广州群翌能源,9千-1.2万·14薪,广州,黄埔区,3-4年,大专,新能源,外资（非欧美）,少于50人,https://jobs.51job.com/guangzhou-hpq/149092204.html?s=sou_sou_soulb&t=0_0&req=c50f68358f2c836080d124362492bd81,https://jobs.51job.com/all/coAmEBbQNhADdUM1Y2UzA.html
外贸业务员,广州雷恒金属制品,8千-1.5万,广州,番禺区,3-4年,大专,贸易/进出口,外资（非欧美）,少于50人,https://jobs.51job.com/guangzhou-pyq/134739852.html?s=sou_sou_soulb&t=0_0&req=c50f68358f2c836080d124362492bd81,https://jobs.51job.com/all/coVjdTNgBiAj8PawNo.html
PLC自动化工程师,上海优控科技,1.3-2.5万,上海,未知,1年,本科,计算机软件,民营,少于50人,https://jobs.51job.com/shanghai/107631068.html?s=sou_sou_soulb&t=0_0&req=c50f68358f2c836080d124362492bd81,https://jobs.51job.com/all/coVDMCbwVuBz8EZw1oBWg.html
化妆品销售总监,广州市赛妃生物科技,1.2-2万,广州,白云区,5-7年,大专,快速消费品(食品、饮料、化妆品),民营,少于50人,https://jobs.51job.com/guangzhou-byq/146966674.html?s=sou_sou_soulb&t=0_0&req=c50f68358f2c836080d124362492bd81,https://jobs.51job.com/all/coVTYGZVI5VWIHZgdkUTI.html
销售（周末双休）,上海汇海信息科技,1-1.8万,南京,雨花台区,1年,大专,通信/电信/网络设备,民营,150-500人,https://jobs.51job.com/nanjing-yhtq/152322614.html?s=sou_sou_soulb&t=0_0&req=c50f68358f2c836080d124362492bd81,https://jobs.51job.com/all/coB2QGY1U_VG0BYANpBWM.html
药厂工艺员（偏文件）,艾伟拓（上海）医药科技,6千-1万·14薪,南通,启东市,1年,本科,制药/生物工程,民营,少于50人,https://jobs.51job.com/nantong-qds/151876277.html?s=sou_sou_soulb&t=0_0&req=c50f68358f2c836080d124362492bd81,https://jobs.51job.com/all/coUzdTNFc9UW4DZQxoUjc.html
铣床,深圳市俊杰诚科技,6.5-7.5千,深圳,宝安区,1年,中技/中专,电子技术/半导体/集成电路,民营,50-150人,https://jobs.51job.com/shenzhen-baq/148459731.html?s=sou_sou_soulb&t=0_0&req=c50f68358f2c836080d124362492bd81,https://jobs.51job.com/all/coCWpVNFI4BD9UNAVkVzU.html
厂务工程师（二次配）（合肥）,颀中科技（苏州）,6千-1万·15薪,合肥,新站区,5-7年,本科,电子技术/半导体/集成电路,合资,1000-5000人,https://jobs.51job.com/hefei-xzq/152322594.html?s=sou_sou_soulb&t=0_0&req=c50f68358f2c836080d124362492bd81,https://jobs.51job.com/all/coVDBVOVU1AT4BYFc3UDA.html
工厂经理/厂长,中亿丰数字科技集团,30-50万/年,苏州,相城区,8-9年,本科,计算机服务(系统、数据服务、维修),民营,150-500人,https://jobs.51job.com/suzhou-xcq/152322617.html?s=sou_sou_soulb&t=0_0&req=c50f68358f2c836080d124362492bd81,https://jobs.51job.com/all/coVjVdMVQxVG5RNgxtUDU.html
轨道机车销售,湘潭牵引机车厂,8千-1万,湘潭,未知,3-4年,中技/中专,机械/设备/重工,民营,150-500人,https://jobs.51job.com/xiangtan/151531248.html?s=sou_sou_soulb&t=0_0&req=c50f68358f2c836080d124362492bd81,https://jobs.51job.com/all/coBWYGYgNhBToObAJnUjY.html
新材料产业研究员,亨通集团,1.8-2.5万,苏州,未知,3-4年,本科,多元化业务集团公司,民营,10000人以上,https://jobs.51job.com/suzhou/152322585.html?s=sou_sou_soulb&t=0_0&req=c50f68358f2c836080d124362492bd81,https://jobs.51job.com/all/coAmYAZFQ2Um5SNVc0Bms.html
机械设计技术员,宁波三安制阀,0.8-1万,宁波,鄞州区,1年,大专,机械/设备/重工,民营,150-500人,https://jobs.51job.com/ningbo-yzq/138869833.html?s=sou_sou_soulb&t=0_0&req=c50f68358f2c836080d124362492bd81,https://jobs.51job.com/all/coBGRRPVc8BDMOaQBmB2M.html
辅助工,胡赫（青岛）换热水箱,4-5千,青岛,城阳区,3-4年,中技/中专,机械/设备/重工,合资,50-150人,https://jobs.51job.com/qingdao-cyq/144158346.html?s=sou_sou_soulb&t=0_0&req=c50f68358f2c836080d124362492bd81,https://jobs.51job.com/all/coVTFTM1YwAzsDYVQzUjE.html
沃龙服务顾问,宁波帝豪汽车销售服务,6千-1.2万,宁波,江北区,无需经验,,汽车,民营,150-500人,https://jobs.51job.com/ningbo-jbq/151665038.html?s=sou_sou_soulb&t=0_0&req=c50f68358f2c836080d124362492bd81,https://jobs.51job.com/all/coA2BRN1M2BTwAZVM2UjU.html
采购工程师,江苏大力士云石护理材料,7千-1万·13薪,常州,未知,3-4年,大专,建筑/建材/工程,民营,500-1000人,https://jobs.51job.com/changzhou/150796850.html?s=sou_sou_soulb&t=0_0&req=0d0a384a09a83bd32ad169f27cf463b1,https://jobs.51job.com/all/coCWtXO1M1ATsHYQZtUDI.html
纯化生产研究员,南京金斯瑞生物科技,1-2万,南京,江宁区,2年,本科,制药/生物工程,外资（非欧美）,1000-5000人,https://jobs.51job.com/nanjing-jnq/139707569.html?s=sou_sou_soulb&t=0_0&req=0d0a384a09a83bd32ad169f27cf463b1,https://jobs.51job.com/all/coUTYGYwJpDjVWMwRnXDw.html
产品研发技术总监,上海逸豆数码科技,3.3-3.5万,上海,普陀区,10年以上,本科,互联网/电子商务,外资（非欧美）,50-150人,https://jobs.51job.com/shanghai-ptq/152053970.html?s=sou_sou_soulb&t=0_0&req=0d0a384a09a83bd32ad169f27cf463b1,https://jobs.51job.com/all/coCWtdOVEzUWpSNQNoAmI.html
日语外贸业务经理,同扬光电（江苏）,1-1.5万,扬州,未知,1年,本科,电子技术/半导体/集成电路,外资（非欧美）,500-1000人,https://jobs.51job.com/yangzhou/150488207.html?s=sou_sou_soulb&t=0_0&req=0d0a384a09a83bd32ad169f27cf463b1,https://jobs.51job.com/all/coVTFVNF8_U2gAY1Q1XD8.html
培训经理/助理经理,溥仪眼镜 PUYI OPTICAL,2-4万·13薪,上海,静安区,5-7年,本科,奢侈品/收藏品/工艺品/珠宝,外资（非欧美）,500-1000人,https://jobs.51job.com/shanghai-jaq/151176484.html?s=sou_sou_soulb&t=0_0&req=0d0a384a09a83bd32ad169f27cf463b1,https://jobs.51job.com/all/coB2NcOlY1VW9WMVQ0Ujc.html
建筑方案设计师,上海彪玛建筑工程咨询,1.5-2万·13薪,上海,长宁区,5-7年,本科,建筑/建材/工程,合资,150-500人,https://jobs.51job.com/shanghai-cnq/152327125.html?s=sou_sou_soulb&t=0_0&req=0d0a384a09a83bd32ad169f27cf463b1,https://jobs.51job.com/all/coVDBcOF48Um8CYQFlB2Q.html
新媒体运营(留学)（英语基础）,四川省天一建筑工程机械,4.5-7千,成都,青羊区,2年,大专,贸易/进出口,民营,少于50人,https://jobs.51job.com/chengdu-qyq/152327062.html?s=sou_sou_soulb&t=0_0&req=0d0a384a09a83bd32ad169f27cf463b1,https://jobs.51job.com/all/coA2NRMgNnAzRTMQJkBmM.html
销售代表,深圳市盛昌利电子,8千-1万,上海,黄浦区,2年,大专,电子技术/半导体/集成电路,民营,50-150人,https://jobs.51job.com/shanghai-hpq/152327082.html?s=sou_sou_soulb&t=0_0&req=0d0a384a09a83bd32ad169f27cf463b1,https://jobs.51job.com/all/coUzdcPVE1DjYCYFc3UzM.html
高薪急聘升学咨询师（教育行业）,四川卓越根基科技咨询,1-2万,成都,武侯区,1年,本科,教育/培训/院校,民营,少于50人,https://jobs.51job.com/chengdu-whq/145933863.html?s=sou_sou_soulb&t=0_0&req=0d0a384a09a83bd32ad169f27cf463b1,https://jobs.51job.com/all/coUjNTMwJoADxTP1cyBWY.html
店长（卡通尼儿童乐园）,上海卡童尼儿童乐园,7千-1.2万·13薪,扬州,邗江区,3-4年,大专,娱乐/休闲/体育,外资（非欧美）,1000-5000人,https://jobs.51job.com/yangzhou-hjq/149404667.html?s=sou_sou_soulb&t=0_0&req=0d0a384a09a83bd32ad169f27cf463b1,https://jobs.51job.com/all/coB2MHZ1QxVmwAZQVhAmU.html
IT运维工程师（驻点）,浙江汇民网络技术,1-1.2万,宁波,海曙区,5-7年,本科,计算机服务(系统、数据服务、维修),民营,50-150人,https://jobs.51job.com/ningbo-hsq/152221820.html?s=sou_sou_soulb&t=0_0&req=0d0a384a09a83bd32ad169f27cf463b1,https://jobs.51job.com/all/coCG0GZANhAz5SPgZkVzM.html
成本会计与出纳,广州鑫研锦增材科技,5-7千,广州,黄埔区,2年,本科,机械/设备/重工,民营,少于50人,https://jobs.51job.com/guangzhou-hpq/152019171.html?s=sou_sou_soulb&t=0_0&req=0d0a384a09a83bd32ad169f27cf463b1,https://jobs.51job.com/all/coAWEFZFA7VW8PYgBrBmo.html
设备工程师,天佑电器（苏州）,8千-1万·14薪,苏州,未知,3-4年,大专,家具/家电/玩具/礼品,外资（非欧美）,1000-5000人,https://jobs.51job.com/suzhou/152326930.html?s=sou_sou_soulb&t=0_0&req=0d0a384a09a83bd32ad169f27cf463b1,https://jobs.51job.com/all/coVjJVNFIwBD1UMVY3Vjo.html
销售代表/业务员,实威国际（研威）,15-30万/年,上海,闵行区,1年,大专,计算机软件,外资（非欧美）,150-500人,https://jobs.51job.com/shanghai-mhq/144669994.html?s=sou_sou_soulb&t=0_0&req=0d0a384a09a83bd32ad169f27cf463b1,https://jobs.51job.com/all/coUjZXNQVlBD5VMwRvAmY.html
高薪急聘普工/操作工,山克新能源科技（深圳）,5.5-7千,深圳,光明区,无需经验,,电子技术/半导体/集成电路,民营,50-150人,https://jobs.51job.com/shenzhen-gmq/118166637.html?s=sou_sou_soulb&t=0_0&req=0d0a384a09a83bd32ad169f27cf463b1,https://jobs.51job.com/all/coVjRSMl87VWsPY1QwVTA.html
亚马逊德语运营,广州蓝牧贸易,5千-1万,广州,白云区,1年,本科,贸易/进出口,民营,少于50人,https://jobs.51job.com/guangzhou-byq/146779009.html?s=sou_sou_soulb&t=0_0&req=0d0a384a09a83bd32ad169f27cf463b1,https://jobs.51job.com/all/coVDFQNQJhAzVVNA1mAm8.html
工业油品销售（无责底薪+高提成+年终奖）,鼎恳化工技术（上海）,5千-1万,宁波,鄞州区,1年,大专,机械/设备/重工,外资（非欧美）,50-150人,https://jobs.51job.com/ningbo-yzq/138106287.html?s=sou_sou_soulb&t=0_0&req=0d0a384a09a83bd32ad169f27cf463b1,https://jobs.51job.com/all/coBmJWNgRlUmtVNQZkXDg.html
SQE质量工程师,上海球明标准件,6-8千,上海,嘉定区,3-4年,大专,汽车,民营,150-500人,https://jobs.51job.com/shanghai-jdq/132966652.html?s=sou_sou_soulb&t=0_0&req=0d0a384a09a83bd32ad169f27cf463b1,https://jobs.51job.com/all/coBGBWNVY3ADYDZgxsUjE.html
PMC主管,深圳市正通仁禾科技,8千-1.2万,深圳,龙华区,3-4年,本科,仪器仪表/工业自动化,民营,150-500人,https://jobs.51job.com/shenzhen-lhq/152325582.html?s=sou_sou_soulb&t=0_0&req=0d0a384a09a83bd32ad169f27cf463b1,https://jobs.51job.com/all/coVjVVOFE0BTkGZVczBmo.html
CNC调试(J10594),无锡先导智能装备,8千-1万·13薪,无锡,未知,2年,高中,仪器仪表/工业自动化,已上市,10000人以上,https://jobs.51job.com/wuxi/152326470.html?s=sou_sou_soulb&t=0_0&req=0d0a384a09a83bd32ad169f27cf463b1,https://jobs.51job.com/all/coAGRcPVYzVGwAbVQyVDY.html
采购,深圳市紫宸激光设备,7千-1万,深圳,宝安区,3-4年,大专,机械/设备/重工,民营,少于50人,https://jobs.51job.com/shenzhen-baq/138261434.html?s=sou_sou_soulb&t=0_0&req=5ed30ca1b4d8d7963d16be465595bdd6,https://jobs.51job.com/all/coCWxUOVc3U29WMg1oBmU.html
托福雅思老师,南京美中教育咨询,8千-1.2万,南京,栖霞区,1年,本科,中介服务,民营,少于50人,https://jobs.51job.com/nanjing-qxq/141052085.html?s=sou_sou_soulb&t=0_0&req=5ed30ca1b4d8d7963d16be465595bdd6,https://jobs.51job.com/all/coBmQCZFUyAjlTNwBhUj4.html
审计项目经理,武汉永隆会计师事务所（普通合伙）,5-8千,武汉,武昌区,5-7年,大专,会计/审计,民营,少于50人,https://jobs.51job.com/wuhan-wcq/132577188.html?s=sou_sou_soulb&t=0_0&req=5ed30ca1b4d8d7963d16be465595bdd6,https://jobs.51job.com/all/coUzFXMwBkADxTPgNmVDI.html
物流运营主管,东方雨虹民用建材,8千-1万,绵阳,北川羌族自治县,1年,本科,建筑/建材/工程,已上市,500-1000人,https://jobs.51job.com/mianyang-bcqz/152324601.html?s=sou_sou_soulb&t=0_0&req=5ed30ca1b4d8d7963d16be465595bdd6,https://jobs.51job.com/all/coAmEHYlMwDjgPbwFhVzI.html
网络/在线客服,长安区阅阅商贸中心,210元/天,北京,未知,无需经验,,文字媒体/出版,民营,,https://jobs.51job.com/beijing/151206492.html?s=sou_sou_soulb&t=0_0&req=5ed30ca1b4d8d7963d16be465595bdd6,https://jobs.51job.com/all/coAG5WM1QwDjgFYAdmUDc.html
店长,南通星派商业运营管理,1.5-2万,南通,崇川区,3-4年,,物业管理/商业中心,民营,,https://jobs.51job.com/nantong-ccq/152324584.html?s=sou_sou_soulb&t=0_0&req=5ed30ca1b4d8d7963d16be465595bdd6,https://jobs.51job.com/all/coVjcGZFczUWtUMwRhVjs.html
ID设计主管,深圳市科奈信科技,1.8-2.8万,深圳,龙华区,5-7年,大专,通信/电信/网络设备,民营,1000-5000人,https://jobs.51job.com/shenzhen-lhq/152324573.html?s=sou_sou_soulb&t=0_0&req=5ed30ca1b4d8d7963d16be465595bdd6,https://jobs.51job.com/all/coUzAGYwNoVm1VNlY1AmA.html
餐饮区域经理,稻泽（武汉）餐饮服务,1.3-1.6万,武汉,江汉区,3-4年,高中,餐饮业,民营,500-1000人,https://jobs.51job.com/wuhan-jhq/151213933.html?s=sou_sou_soulb&t=0_0&req=5ed30ca1b4d8d7963d16be465595bdd6,https://jobs.51job.com/all/coUzBTMlMzAjwHYgdsVDI.html
Wordpress建站工程师,阿迪塔生物科技（深圳）,1-2万,深圳,龙华区,2年,本科,制药/生物工程,民营,50-150人,https://jobs.51job.com/shenzhen-lhq/149011600.html?s=sou_sou_soulb&t=0_0&req=5ed30ca1b4d8d7963d16be465595bdd6,https://jobs.51job.com/all/coCGpRN1I4Bz1SMwZjVTI.html
高薪诚聘房产经纪人,重庆到家了朗艺房地产经纪,1-2万,重庆,渝北区,无需经验,高中,房地产,民营,,https://jobs.51job.com/chongqing-ybq/152039787.html?s=sou_sou_soulb&t=0_0&req=5ed30ca1b4d8d7963d16be465595bdd6,https://jobs.51job.com/all/coAGFWO1A2U2wHZgJkUjY.html
医药招投标专员,广东杉木药业,6-7.5千,广州,未知,2年,大专,制药/生物工程,民营,150-500人,https://jobs.51job.com/guangzhou/152308503.html?s=sou_sou_soulb&t=0_0&req=5ed30ca1b4d8d7963d16be465595bdd6,https://jobs.51job.com/all/coAGQHYFM2VmxTPgNhBWU.html
服装/纺织/绣衣厂厂长,广州惠艺纺织科技,8千-1.3万·13薪,佛山,南海区,3-4年,中技/中专,服装/纺织/皮革,民营,50-150人,https://jobs.51job.com/foshan-nhq/152324447.html?s=sou_sou_soulb&t=0_0&req=5ed30ca1b4d8d7963d16be465595bdd6,https://jobs.51job.com/all/coB2lXMFY1BjAPa1QxB2Q.html
业务员,广州市广生林贸易,8千-1.2万,广州,白云区,1年,大专,快速消费品(食品、饮料、化妆品),民营,150-500人,https://jobs.51job.com/guangzhou-byq/127801637.html?s=sou_sou_soulb&t=0_0&req=5ed30ca1b4d8d7963d16be465595bdd6,https://jobs.51job.com/all/coBGFRPQNgATtUM1YyUDE.html
带货主播 兼职,达威珠宝钟表（深圳）,100元/天,深圳,龙岗区,1年,,奢侈品/收藏品/工艺品/珠宝,外资（非欧美）,500-1000人,https://jobs.51job.com/shenzhen-lgq/152323468.html?s=sou_sou_soulb&t=0_0&req=5ed30ca1b4d8d7963d16be465595bdd6,https://jobs.51job.com/all/coA2dcMFQ_BThRNVcyXT4.html
成本主管,广东墨睿科技,8千-1.4万·14薪,东莞,松山湖区,3-4年,本科,学术/科研,民营,50-150人,https://jobs.51job.com/dongguan-sshq/148547311.html?s=sou_sou_soulb&t=0_0&req=5ed30ca1b4d8d7963d16be465595bdd6,https://jobs.51job.com/all/coA2EFZwRjVmlWNVY3UzI.html
制药厂QA,西安科力药业,3-4千,西安,鄠邑区,1年,大专,制药/生物工程,民营,50-150人,https://jobs.51job.com/xian-hyq/152167203.html?s=sou_sou_soulb&t=0_0&req=5ed30ca1b4d8d7963d16be465595bdd6,https://jobs.51job.com/all/coUjYGYVUxDjRUMgdsVTM.html
车销业务员,广州市广生林贸易,8千-1.3万,广州,白云区,1年,高中,快速消费品(食品、饮料、化妆品),民营,150-500人,https://jobs.51job.com/guangzhou-byq/126992519.html?s=sou_sou_soulb&t=0_0&req=5ed30ca1b4d8d7963d16be465595bdd6,https://jobs.51job.com/all/coBGFRPQNgATtUM1YyUDE.html
Tiktok美国店运营,宁波翼动通讯科技,1-1.2万,深圳,宝安区,2年,大专,电子技术/半导体/集成电路,民营,150-500人,https://jobs.51job.com/shenzhen-baq/152119932.html?s=sou_sou_soulb&t=0_0&req=5ed30ca1b4d8d7963d16be465595bdd6,https://jobs.51job.com/all/coB2MGZ1Q0U2sAZFE2Vzo.html
法务经理/高级经理,北京中石伟业科技,2-3万,上海,黄浦区,5-7年,本科,石油/化工/矿产/地质,已上市,1000-5000人,https://jobs.51job.com/shanghai-hpq/152323725.html?s=sou_sou_soulb&t=0_0&req=5ed30ca1b4d8d7963d16be465595bdd6,https://jobs.51job.com/all/coUTZRPV80AT0GY1Mw.html
服装生产管理,凯世（上海）贸易,6千-1万,上海,长宁区,2年,本科,服装/纺织/皮革,外资（非欧美）,少于50人,https://jobs.51job.com/shanghai-cnq/144767831.html?s=sou_sou_soulb&t=0_0&req=5ed30ca1b4d8d7963d16be465595bdd6,https://jobs.51job.com/all/coUjFTNwVuBTxWOgJkUj4.html
车间卫生员/保洁员/清洁工,广州市香雪制药,3.5-3.7千,广州,黄埔区,无需经验,初中及以下,制药/生物工程,已上市,1000-5000人,https://jobs.51job.com/guangzhou-hpq/134400561.html?s=sou_sou_soulb&t=0_0&req=89a34d0a04843b6af958295ef06e5e35,https://jobs.51job.com/all/coB2BWM1UwAjVTMQRv.html
销售业务员,武汉市年华管业,6千-1.2万,武汉,新洲区,1年,大专,建筑/建材/工程,民营,50-150人,https://jobs.51job.com/wuhan-xzq/138730500.html?s=sou_sou_soulb&t=0_0&req=89a34d0a04843b6af958295ef06e5e35,https://jobs.51job.com/all/coCG1TP1MyBj1SNlMwVTM.html
样机组长,浙江安德电器,8千-1.2万,金华,永康市,3-4年,大专,家具/家电/玩具/礼品,民营,500-1000人,https://jobs.51job.com/jinhua-yks/152322950.html?s=sou_sou_soulb&t=0_0&req=89a34d0a04843b6af958295ef06e5e35,https://jobs.51job.com/all/coUjYGZgJjAToHZVYzVDA.html
收入（日审）会计,坐望文化集团,4-6千,杭州,西湖区,2年,大专,酒店/旅游,民营,150-500人,https://jobs.51job.com/hangzhou-xhq/152322934.html?s=sou_sou_soulb&t=0_0&req=89a34d0a04843b6af958295ef06e5e35,https://jobs.51job.com/all/coUTNVNwNlVm9SN1Q_BmA.html
业务跟单,广东博然堂生物科技,4-6千,中山,未知,3-4年,大专,快速消费品(食品、饮料、化妆品),民营,500-1000人,https://jobs.51job.com/zhongshan/152322904.html?s=sou_sou_soulb&t=0_0&req=89a34d0a04843b6af958295ef06e5e35,https://jobs.51job.com/all/coB2UGawJhVmFUMg1uBmc.html
安全 管理员,武汉市年华管业,4-6千,武汉,新洲区,1年,大专,建筑/建材/工程,民营,50-150人,https://jobs.51job.com/wuhan-xzq/150652605.html?s=sou_sou_soulb&t=0_0&req=89a34d0a04843b6af958295ef06e5e35,https://jobs.51job.com/all/coCG1TP1MyBj1SNlMwVTM.html
急聘电气硬件设计-不出差,无锡先导智能装备,1.5-2.5万·14薪,无锡,未知,3-4年,本科,仪器仪表/工业自动化,已上市,10000人以上,https://jobs.51job.com/wuxi/152322875.html?s=sou_sou_soulb&t=0_0&req=89a34d0a04843b6af958295ef06e5e35,https://jobs.51job.com/all/coAGRcPVYzVGwAbVQyVDY.html
水处理工程师,南京水滴智能环保装备研究院,6千-1万,南京,鼓楼区,2年,本科,环保,民营,50-150人,https://jobs.51job.com/nanjing-glq/151038145.html?s=sou_sou_soulb&t=0_0&req=89a34d0a04843b6af958295ef06e5e35,https://jobs.51job.com/all/coCWhRM1YxUmpSMVQ2XD4.html
新媒体运营（水晶原创方向）,武汉壬禧文化发展,5-8千,武汉,江岸区,3-4年,大专,批发/零售,民营,少于50人,https://jobs.51job.com/wuhan-jaq/151990871.html?s=sou_sou_soulb&t=0_0&req=89a34d0a04843b6af958295ef06e5e35,https://jobs.51job.com/all/coCGZQNgdjAT0Pag1pAmc.html
人事专员,森蓝环保（上海）,6-8千,上海,浦东新区,2年,大专,环保,国企,150-500人,https://jobs.51job.com/shanghai-pdxq/135087840.html?s=sou_sou_soulb&t=0_0&req=89a34d0a04843b6af958295ef06e5e35,https://jobs.51job.com/all/coUjZTMwVuDjIAZgZlAGE.html
产品经理(J10170),深圳中科欣扬生物科技,1-2万,广州,白云区,3-4年,本科,制药/生物工程,合资,150-500人,https://jobs.51job.com/guangzhou-byq/151462695.html?s=sou_sou_soulb&t=0_0&req=89a34d0a04843b6af958295ef06e5e35,https://jobs.51job.com/all/coVDcGYwRmVmhUOFQ0BWg.html
客服主管,深圳市傲新源科技,6千-1万,深圳,宝安区,3-4年,大专,贸易/进出口,民营,少于50人,https://jobs.51job.com/shenzhen-baq/115130788.html?s=sou_sou_soulb&t=0_0&req=89a34d0a04843b6af958295ef06e5e35,https://jobs.51job.com/all/coVjJXOlUzAzoDYwdhBWc.html
驻场研发实验员,南通科顺建筑新材料,6-8千,南通,未知,1年,本科,石油/化工/矿产/地质,已上市,150-500人,https://jobs.51job.com/nantong/152322824.html?s=sou_sou_soulb&t=0_0&req=89a34d0a04843b6af958295ef06e5e35,https://jobs.51job.com/all/coBGZSN1Q2UWYHZA1nUDw.html
招投标专员,湖北寰宇天美工程,4-6千,武汉,东西湖区,1年,大专,建筑/建材/工程,民营,50-150人,https://jobs.51job.com/wuhan-dxhq/146923311.html?s=sou_sou_soulb&t=0_0&req=89a34d0a04843b6af958295ef06e5e35,https://jobs.51job.com/all/coBGRWNQRvBjtSPgFhVzM.html
人事行政主管,湖北惠隆生态农业,6-7千,武汉,东西湖区,3-4年,本科,农/林/牧/渔,民营,50-150人,https://jobs.51job.com/wuhan-dxhq/127884476.html?s=sou_sou_soulb&t=0_0&req=89a34d0a04843b6af958295ef06e5e35,https://jobs.51job.com/all/coBmRTNgdnUWoAZABiBmQ.html
生物质气化炉销售,东莞东燃热能科技,20-40万/年,东莞,望牛墩镇,1年,高中,环保,民营,50-150人,https://jobs.51job.com/dongguan-wndz/151855280.html?s=sou_sou_soulb&t=0_0&req=89a34d0a04843b6af958295ef06e5e35,https://jobs.51job.com/all/coUTJcPlcxU2RWOwRlVTc.html
电气设计工程师,南京大齐自动化,1-1.6万,南京,江宁区,3-4年,大专,仪器仪表/工业自动化,民营,少于50人,https://jobs.51job.com/nanjing-jnq/148462198.html?s=sou_sou_soulb&t=0_0&req=89a34d0a04843b6af958295ef06e5e35,https://jobs.51job.com/all/coVTYCZVAzVGMHZAFiUDI.html
雷达销售经理,巍泰技术（武汉）,8千-1万,武汉,江夏区,1年,本科,电子技术/半导体/集成电路,民营,少于50人,https://jobs.51job.com/wuhan-jxq/145131438.html?s=sou_sou_soulb&t=0_0&req=89a34d0a04843b6af958295ef06e5e35,https://jobs.51job.com/all/coUjMHZlMyVGIDbwNiXTo.html
PLC自动化工程师,上海优控科技,1.3-2.5万,上海,未知,1年,本科,计算机软件,民营,少于50人,https://jobs.51job.com/shanghai/107631068.html?s=sou_sou_soulb&t=0_0&req=89a34d0a04843b6af958295ef06e5e35,https://jobs.51job.com/all/coVDMCbwVuBz8EZw1oBWg.html
生物质气化炉销售,东莞东燃热能科技,20-40万/年,东莞,望牛墩镇,1年,高中,环保,民营,50-150人,https://jobs.51job.com/dongguan-wndz/151855277.html?s=sou_sou_soulb&t=0_0&req=89a34d0a04843b6af958295ef06e5e35,https://jobs.51job.com/all/coUTJcPlcxU2RWOwRlVTc.html
